[
{
    "pk": 1, 
    "model": "contenttypes.contenttype", 
    "fields": {
        "model": "permission", 
        "name": "permission", 
        "app_label": "auth"
    }
},
{
    "pk": 2, 
    "model": "contenttypes.contenttype", 
    "fields": {
        "model": "group", 
        "name": "group", 
        "app_label": "auth"
    }
},
{
    "pk": 3, 
    "model": "contenttypes.contenttype", 
    "fields": {
        "model": "user", 
        "name": "user", 
        "app_label": "auth"
    }
},
{
    "pk": 4, 
    "model": "contenttypes.contenttype", 
    "fields": {
        "model": "contenttype", 
        "name": "content type", 
        "app_label": "contenttypes"
    }
},
{
    "pk": 5, 
    "model": "contenttypes.contenttype", 
    "fields": {
        "model": "session", 
        "name": "session", 
        "app_label": "sessions"
    }
},
{
    "pk": 6, 
    "model": "contenttypes.contenttype", 
    "fields": {
        "model": "site", 
        "name": "site", 
        "app_label": "sites"
    }
},
{
    "pk": 7, 
    "model": "contenttypes.contenttype", 
    "fields": {
        "model": "redirect", 
        "name": "redirect", 
        "app_label": "redirects"
    }
},
{
    "pk": 8, 
    "model": "contenttypes.contenttype", 
    "fields": {
        "model": "logentry", 
        "name": "log entry", 
        "app_label": "admin"
    }
},
{
    "pk": 9, 
    "model": "contenttypes.contenttype", 
    "fields": {
        "model": "migrationhistory", 
        "name": "migration history", 
        "app_label": "south"
    }
},
{
    "pk": 10, 
    "model": "contenttypes.contenttype", 
    "fields": {
        "model": "channel", 
        "name": "channel", 
        "app_label": "channels"
    }
},
{
    "pk": 11, 
    "model": "contenttypes.contenttype", 
    "fields": {
        "model": "channelconfig", 
        "name": "channel config", 
        "app_label": "channels"
    }
},
{
    "pk": 12, 
    "model": "contenttypes.contenttype", 
    "fields": {
        "model": "source", 
        "name": "source", 
        "app_label": "sources"
    }
},
{
    "pk": 13, 
    "model": "contenttypes.contenttype", 
    "fields": {
        "model": "article", 
        "name": "Article", 
        "app_label": "articles"
    }
},
{
    "pk": 14, 
    "model": "contenttypes.contenttype", 
    "fields": {
        "model": "post", 
        "name": "post", 
        "app_label": "articles"
    }
},
{
    "pk": 15, 
    "model": "contenttypes.contenttype", 
    "fields": {
        "model": "postrelated", 
        "name": "post related", 
        "app_label": "articles"
    }
},
{
    "pk": 16, 
    "model": "contenttypes.contenttype", 
    "fields": {
        "model": "album", 
        "name": "album", 
        "app_label": "articles"
    }
},
{
    "pk": 17, 
    "model": "contenttypes.contenttype", 
    "fields": {
        "model": "link", 
        "name": "link", 
        "app_label": "articles"
    }
},
{
    "pk": 18, 
    "model": "contenttypes.contenttype", 
    "fields": {
        "model": "articlesource", 
        "name": "article source", 
        "app_label": "articles"
    }
},
{
    "pk": 19, 
    "model": "contenttypes.contenttype", 
    "fields": {
        "model": "articleimage", 
        "name": "article image", 
        "app_label": "articles"
    }
},
{
    "pk": 20, 
    "model": "contenttypes.contenttype", 
    "fields": {
        "model": "articlebox", 
        "name": "article box", 
        "app_label": "articles"
    }
},
{
    "pk": 21, 
    "model": "contenttypes.contenttype", 
    "fields": {
        "model": "articleboxarticles", 
        "name": "Article box articles", 
        "app_label": "articles"
    }
},
{
    "pk": 22, 
    "model": "contenttypes.contenttype", 
    "fields": {
        "model": "articleconfig", 
        "name": "article config", 
        "app_label": "articles"
    }
},
{
    "pk": 23, 
    "model": "contenttypes.contenttype", 
    "fields": {
        "model": "taggedimage", 
        "name": "tagged image", 
        "app_label": "images"
    }
},
{
    "pk": 24, 
    "model": "contenttypes.contenttype", 
    "fields": {
        "model": "image", 
        "name": "image", 
        "app_label": "images"
    }
},
{
    "pk": 25, 
    "model": "contenttypes.contenttype", 
    "fields": {
        "model": "flatpage", 
        "name": "flat page", 
        "app_label": "flatpages"
    }
},
{
    "pk": 26, 
    "model": "contenttypes.contenttype", 
    "fields": {
        "model": "flatpageconfig", 
        "name": "flat page config", 
        "app_label": "flatpages"
    }
},
{
    "pk": 27, 
    "model": "contenttypes.contenttype", 
    "fields": {
        "model": "tag", 
        "name": "Tag", 
        "app_label": "taggit"
    }
},
{
    "pk": 28, 
    "model": "contenttypes.contenttype", 
    "fields": {
        "model": "taggeditem", 
        "name": "Tagged Item", 
        "app_label": "taggit"
    }
},
{
    "pk": 29, 
    "model": "contenttypes.contenttype", 
    "fields": {
        "model": "queryset", 
        "name": "query set", 
        "app_label": "boxes"
    }
},
{
    "pk": 30, 
    "model": "contenttypes.contenttype", 
    "fields": {
        "model": "dynamicbox", 
        "name": "dynamic box", 
        "app_label": "boxes"
    }
},
{
    "pk": "91p8scukxpsdtju7f09piv6vhnw6gsu0", 
    "model": "sessions.session", 
    "fields": {
        "expire_date": "2013-05-23T19:34:41.815", 
        "session_data": "YzkyZGEzOGNhY2YxMzJhYjg3ZGM1NjAzNDAzYmE4YjU4MWU2YTA3ZDqAAn1xAShVEl9hdXRoX3VzZXJfYmFja2VuZHECVSlkamFuZ28uY29udHJpYi5hdXRoLmJhY2tlbmRzLk1vZGVsQmFja2VuZHEDVQ1fYXV0aF91c2VyX2lkcQRLAXUu"
    }
},
{
    "pk": 1, 
    "model": "sites.site", 
    "fields": {
        "domain": "example.com", 
        "name": "example.com"
    }
},
{
    "pk": 1, 
    "model": "articles.articleboxarticles", 
    "fields": {
        "article": 1, 
        "order": 0, 
        "articlebox": 1
    }
},
{
    "pk": 2, 
    "model": "articles.articleboxarticles", 
    "fields": {
        "article": 3, 
        "order": 1, 
        "articlebox": 1
    }
},
{
    "pk": 3, 
    "model": "articles.articleboxarticles", 
    "fields": {
        "article": 1, 
        "order": 0, 
        "articlebox": 2
    }
},
{
    "pk": 4, 
    "model": "articles.articleboxarticles", 
    "fields": {
        "article": 3, 
        "order": 0, 
        "articlebox": 2
    }
},
{
    "pk": 1, 
    "model": "images.taggedimage", 
    "fields": {
        "content_object": 1, 
        "tag": 1
    }
},
{
    "pk": 2, 
    "model": "images.taggedimage", 
    "fields": {
        "content_object": 1, 
        "tag": 2
    }
},
{
    "pk": 3, 
    "model": "images.taggedimage", 
    "fields": {
        "content_object": 2, 
        "tag": 5
    }
},
{
    "pk": 4, 
    "model": "images.taggedimage", 
    "fields": {
        "content_object": 2, 
        "tag": 7
    }
},
{
    "pk": 5, 
    "model": "images.taggedimage", 
    "fields": {
        "content_object": 3, 
        "tag": 8
    }
},
{
    "pk": 1, 
    "model": "south.migrationhistory", 
    "fields": {
        "applied": "2013-05-09T19:33:57.128", 
        "app_name": "core", 
        "migration": "0001_initial"
    }
},
{
    "pk": 2, 
    "model": "south.migrationhistory", 
    "fields": {
        "applied": "2013-05-09T19:33:57.298", 
        "app_name": "channels", 
        "migration": "0001_initial"
    }
},
{
    "pk": 3, 
    "model": "south.migrationhistory", 
    "fields": {
        "applied": "2013-05-09T19:33:57.350", 
        "app_name": "channels", 
        "migration": "0002_auto__add_field_channel_group"
    }
},
{
    "pk": 4, 
    "model": "south.migrationhistory", 
    "fields": {
        "applied": "2013-05-09T19:33:57.414", 
        "app_name": "channels", 
        "migration": "0003_auto__add_unique_channel_slug"
    }
},
{
    "pk": 5, 
    "model": "south.migrationhistory", 
    "fields": {
        "applied": "2013-05-09T19:33:57.476", 
        "app_name": "channels", 
        "migration": "0004_auto__del_unique_channel_slug"
    }
},
{
    "pk": 6, 
    "model": "south.migrationhistory", 
    "fields": {
        "applied": "2013-05-09T19:33:57.613", 
        "app_name": "sources", 
        "migration": "0001_initial"
    }
},
{
    "pk": 7, 
    "model": "south.migrationhistory", 
    "fields": {
        "applied": "2013-05-09T19:33:57.646", 
        "app_name": "sources", 
        "migration": "0002_auto__chg_field_source_slug"
    }
},
{
    "pk": 8, 
    "model": "south.migrationhistory", 
    "fields": {
        "applied": "2013-05-09T19:33:57.686", 
        "app_name": "sources", 
        "migration": "0003_auto__del_unique_source_slug"
    }
},
{
    "pk": 9, 
    "model": "south.migrationhistory", 
    "fields": {
        "applied": "2013-05-09T19:33:57.894", 
        "app_name": "articles", 
        "migration": "0001_initial"
    }
},
{
    "pk": 10, 
    "model": "south.migrationhistory", 
    "fields": {
        "applied": "2013-05-09T19:33:57.974", 
        "app_name": "articles", 
        "migration": "0002_auto__add_field_article_child_class"
    }
},
{
    "pk": 11, 
    "model": "south.migrationhistory", 
    "fields": {
        "applied": "2013-05-09T19:33:58.046", 
        "app_name": "articles", 
        "migration": "0003_auto__add_field_article_channel_long_slug"
    }
},
{
    "pk": 12, 
    "model": "south.migrationhistory", 
    "fields": {
        "applied": "2013-05-09T19:33:58.134", 
        "app_name": "articles", 
        "migration": "0004_auto__add_field_link_articles"
    }
},
{
    "pk": 13, 
    "model": "south.migrationhistory", 
    "fields": {
        "applied": "2013-05-09T19:33:58.227", 
        "app_name": "articles", 
        "migration": "0005_auto__chg_field_link_url"
    }
},
{
    "pk": 14, 
    "model": "south.migrationhistory", 
    "fields": {
        "applied": "2013-05-09T19:33:58.316", 
        "app_name": "articles", 
        "migration": "0006_auto__add_field_article_hat"
    }
},
{
    "pk": 15, 
    "model": "south.migrationhistory", 
    "fields": {
        "applied": "2013-05-09T19:33:58.437", 
        "app_name": "articles", 
        "migration": "0007_auto__add_field_articlebox_channel_name__add_field_articlebox_channel_"
    }
},
{
    "pk": 16, 
    "model": "south.migrationhistory", 
    "fields": {
        "applied": "2013-05-09T19:33:58.526", 
        "app_name": "articles", 
        "migration": "0008_auto__add_postrelated"
    }
},
{
    "pk": 17, 
    "model": "south.migrationhistory", 
    "fields": {
        "applied": "2013-05-09T19:33:58.612", 
        "app_name": "articles", 
        "migration": "0009_auto__add_field_articlebox_title"
    }
},
{
    "pk": 18, 
    "model": "south.migrationhistory", 
    "fields": {
        "applied": "2013-05-09T19:33:58.681", 
        "app_name": "articles", 
        "migration": "0010_auto__add_unique_article_channel_long_slug_child_class_site_slug"
    }
},
{
    "pk": 19, 
    "model": "south.migrationhistory", 
    "fields": {
        "applied": "2013-05-09T19:33:58.755", 
        "app_name": "articles", 
        "migration": "0011_auto__del_unique_article_slug"
    }
},
{
    "pk": 20, 
    "model": "south.migrationhistory", 
    "fields": {
        "applied": "2013-05-09T19:33:58.833", 
        "app_name": "articles", 
        "migration": "0012_auto__add_field_article_child_app_label"
    }
},
{
    "pk": 21, 
    "model": "south.migrationhistory", 
    "fields": {
        "applied": "2013-05-09T19:33:59.017", 
        "app_name": "images", 
        "migration": "0001_initial"
    }
},
{
    "pk": 22, 
    "model": "south.migrationhistory", 
    "fields": {
        "applied": "2013-05-09T19:33:59.078", 
        "app_name": "sitemaps", 
        "migration": "0001_initial"
    }
},
{
    "pk": 23, 
    "model": "south.migrationhistory", 
    "fields": {
        "applied": "2013-05-09T19:33:59.196", 
        "app_name": "flatpages", 
        "migration": "0001_initial"
    }
},
{
    "pk": 24, 
    "model": "south.migrationhistory", 
    "fields": {
        "applied": "2013-05-09T19:33:59.277", 
        "app_name": "taggit", 
        "migration": "0001_initial"
    }
},
{
    "pk": 25, 
    "model": "south.migrationhistory", 
    "fields": {
        "applied": "2013-05-09T19:33:59.286", 
        "app_name": "taggit", 
        "migration": "0002_unique_tagnames"
    }
},
{
    "pk": 26, 
    "model": "south.migrationhistory", 
    "fields": {
        "applied": "2013-05-09T19:33:59.416", 
        "app_name": "boxes", 
        "migration": "0001_initial"
    }
},
{
    "pk": 27, 
    "model": "south.migrationhistory", 
    "fields": {
        "applied": "2013-05-09T19:33:59.493", 
        "app_name": "boxes", 
        "migration": "0002_auto__add_field_dynamicbox_channel_name__add_field_dynamicbox_channel_"
    }
},
{
    "pk": 1, 
    "model": "taggit.tag", 
    "fields": {
        "name": "esporte", 
        "slug": "esporte"
    }
},
{
    "pk": 2, 
    "model": "taggit.tag", 
    "fields": {
        "name": "jogador", 
        "slug": "jogador"
    }
},
{
    "pk": 3, 
    "model": "taggit.tag", 
    "fields": {
        "name": "voley", 
        "slug": "voley"
    }
},
{
    "pk": 4, 
    "model": "taggit.tag", 
    "fields": {
        "name": "jogadores", 
        "slug": "jogadores"
    }
},
{
    "pk": 5, 
    "model": "taggit.tag", 
    "fields": {
        "name": "futbol", 
        "slug": "futbol"
    }
},
{
    "pk": 6, 
    "model": "taggit.tag", 
    "fields": {
        "name": "times", 
        "slug": "times"
    }
},
{
    "pk": 7, 
    "model": "taggit.tag", 
    "fields": {
        "name": "walter", 
        "slug": "walter"
    }
},
{
    "pk": 8, 
    "model": "taggit.tag", 
    "fields": {
        "name": "teste", 
        "slug": "teste"
    }
},
{
    "pk": 1, 
    "model": "taggit.taggeditem", 
    "fields": {
        "tag": 1, 
        "content_type": 14, 
        "object_id": 1
    }
},
{
    "pk": 2, 
    "model": "taggit.taggeditem", 
    "fields": {
        "tag": 3, 
        "content_type": 14, 
        "object_id": 1
    }
},
{
    "pk": 3, 
    "model": "taggit.taggeditem", 
    "fields": {
        "tag": 4, 
        "content_type": 14, 
        "object_id": 1
    }
},
{
    "pk": 4, 
    "model": "taggit.taggeditem", 
    "fields": {
        "tag": 5, 
        "content_type": 14, 
        "object_id": 1
    }
},
{
    "pk": 5, 
    "model": "taggit.taggeditem", 
    "fields": {
        "tag": 6, 
        "content_type": 14, 
        "object_id": 1
    }
},
{
    "pk": 6, 
    "model": "taggit.taggeditem", 
    "fields": {
        "tag": 5, 
        "content_type": 14, 
        "object_id": 2
    }
},
{
    "pk": 7, 
    "model": "taggit.taggeditem", 
    "fields": {
        "tag": 7, 
        "content_type": 14, 
        "object_id": 2
    }
},
{
    "pk": 1, 
    "model": "auth.permission", 
    "fields": {
        "codename": "add_permission", 
        "name": "Can add permission", 
        "content_type": 1
    }
},
{
    "pk": 2, 
    "model": "auth.permission", 
    "fields": {
        "codename": "change_permission", 
        "name": "Can change permission", 
        "content_type": 1
    }
},
{
    "pk": 3, 
    "model": "auth.permission", 
    "fields": {
        "codename": "delete_permission", 
        "name": "Can delete permission", 
        "content_type": 1
    }
},
{
    "pk": 4, 
    "model": "auth.permission", 
    "fields": {
        "codename": "add_group", 
        "name": "Can add group", 
        "content_type": 2
    }
},
{
    "pk": 5, 
    "model": "auth.permission", 
    "fields": {
        "codename": "change_group", 
        "name": "Can change group", 
        "content_type": 2
    }
},
{
    "pk": 6, 
    "model": "auth.permission", 
    "fields": {
        "codename": "delete_group", 
        "name": "Can delete group", 
        "content_type": 2
    }
},
{
    "pk": 7, 
    "model": "auth.permission", 
    "fields": {
        "codename": "add_user", 
        "name": "Can add user", 
        "content_type": 3
    }
},
{
    "pk": 8, 
    "model": "auth.permission", 
    "fields": {
        "codename": "change_user", 
        "name": "Can change user", 
        "content_type": 3
    }
},
{
    "pk": 9, 
    "model": "auth.permission", 
    "fields": {
        "codename": "delete_user", 
        "name": "Can delete user", 
        "content_type": 3
    }
},
{
    "pk": 10, 
    "model": "auth.permission", 
    "fields": {
        "codename": "add_contenttype", 
        "name": "Can add content type", 
        "content_type": 4
    }
},
{
    "pk": 11, 
    "model": "auth.permission", 
    "fields": {
        "codename": "change_contenttype", 
        "name": "Can change content type", 
        "content_type": 4
    }
},
{
    "pk": 12, 
    "model": "auth.permission", 
    "fields": {
        "codename": "delete_contenttype", 
        "name": "Can delete content type", 
        "content_type": 4
    }
},
{
    "pk": 13, 
    "model": "auth.permission", 
    "fields": {
        "codename": "add_session", 
        "name": "Can add session", 
        "content_type": 5
    }
},
{
    "pk": 14, 
    "model": "auth.permission", 
    "fields": {
        "codename": "change_session", 
        "name": "Can change session", 
        "content_type": 5
    }
},
{
    "pk": 15, 
    "model": "auth.permission", 
    "fields": {
        "codename": "delete_session", 
        "name": "Can delete session", 
        "content_type": 5
    }
},
{
    "pk": 16, 
    "model": "auth.permission", 
    "fields": {
        "codename": "add_site", 
        "name": "Can add site", 
        "content_type": 6
    }
},
{
    "pk": 17, 
    "model": "auth.permission", 
    "fields": {
        "codename": "change_site", 
        "name": "Can change site", 
        "content_type": 6
    }
},
{
    "pk": 18, 
    "model": "auth.permission", 
    "fields": {
        "codename": "delete_site", 
        "name": "Can delete site", 
        "content_type": 6
    }
},
{
    "pk": 19, 
    "model": "auth.permission", 
    "fields": {
        "codename": "add_redirect", 
        "name": "Can add redirect", 
        "content_type": 7
    }
},
{
    "pk": 20, 
    "model": "auth.permission", 
    "fields": {
        "codename": "change_redirect", 
        "name": "Can change redirect", 
        "content_type": 7
    }
},
{
    "pk": 21, 
    "model": "auth.permission", 
    "fields": {
        "codename": "delete_redirect", 
        "name": "Can delete redirect", 
        "content_type": 7
    }
},
{
    "pk": 22, 
    "model": "auth.permission", 
    "fields": {
        "codename": "add_logentry", 
        "name": "Can add log entry", 
        "content_type": 8
    }
},
{
    "pk": 23, 
    "model": "auth.permission", 
    "fields": {
        "codename": "change_logentry", 
        "name": "Can change log entry", 
        "content_type": 8
    }
},
{
    "pk": 24, 
    "model": "auth.permission", 
    "fields": {
        "codename": "delete_logentry", 
        "name": "Can delete log entry", 
        "content_type": 8
    }
},
{
    "pk": 25, 
    "model": "auth.permission", 
    "fields": {
        "codename": "add_migrationhistory", 
        "name": "Can add migration history", 
        "content_type": 9
    }
},
{
    "pk": 26, 
    "model": "auth.permission", 
    "fields": {
        "codename": "change_migrationhistory", 
        "name": "Can change migration history", 
        "content_type": 9
    }
},
{
    "pk": 27, 
    "model": "auth.permission", 
    "fields": {
        "codename": "delete_migrationhistory", 
        "name": "Can delete migration history", 
        "content_type": 9
    }
},
{
    "pk": 28, 
    "model": "auth.permission", 
    "fields": {
        "codename": "add_channel", 
        "name": "Can add channel", 
        "content_type": 10
    }
},
{
    "pk": 29, 
    "model": "auth.permission", 
    "fields": {
        "codename": "change_channel", 
        "name": "Can change channel", 
        "content_type": 10
    }
},
{
    "pk": 30, 
    "model": "auth.permission", 
    "fields": {
        "codename": "delete_channel", 
        "name": "Can delete channel", 
        "content_type": 10
    }
},
{
    "pk": 31, 
    "model": "auth.permission", 
    "fields": {
        "codename": "add_channelconfig", 
        "name": "Can add channel config", 
        "content_type": 11
    }
},
{
    "pk": 32, 
    "model": "auth.permission", 
    "fields": {
        "codename": "change_channelconfig", 
        "name": "Can change channel config", 
        "content_type": 11
    }
},
{
    "pk": 33, 
    "model": "auth.permission", 
    "fields": {
        "codename": "delete_channelconfig", 
        "name": "Can delete channel config", 
        "content_type": 11
    }
},
{
    "pk": 34, 
    "model": "auth.permission", 
    "fields": {
        "codename": "developer", 
        "name": "Developer", 
        "content_type": 11
    }
},
{
    "pk": 35, 
    "model": "auth.permission", 
    "fields": {
        "codename": "add_source", 
        "name": "Can add source", 
        "content_type": 12
    }
},
{
    "pk": 36, 
    "model": "auth.permission", 
    "fields": {
        "codename": "change_source", 
        "name": "Can change source", 
        "content_type": 12
    }
},
{
    "pk": 37, 
    "model": "auth.permission", 
    "fields": {
        "codename": "delete_source", 
        "name": "Can delete source", 
        "content_type": 12
    }
},
{
    "pk": 38, 
    "model": "auth.permission", 
    "fields": {
        "codename": "add_article", 
        "name": "Can add Article", 
        "content_type": 13
    }
},
{
    "pk": 39, 
    "model": "auth.permission", 
    "fields": {
        "codename": "change_article", 
        "name": "Can change Article", 
        "content_type": 13
    }
},
{
    "pk": 40, 
    "model": "auth.permission", 
    "fields": {
        "codename": "delete_article", 
        "name": "Can delete Article", 
        "content_type": 13
    }
},
{
    "pk": 41, 
    "model": "auth.permission", 
    "fields": {
        "codename": "add_post", 
        "name": "Can add post", 
        "content_type": 14
    }
},
{
    "pk": 42, 
    "model": "auth.permission", 
    "fields": {
        "codename": "change_post", 
        "name": "Can change post", 
        "content_type": 14
    }
},
{
    "pk": 43, 
    "model": "auth.permission", 
    "fields": {
        "codename": "delete_post", 
        "name": "Can delete post", 
        "content_type": 14
    }
},
{
    "pk": 44, 
    "model": "auth.permission", 
    "fields": {
        "codename": "add_postrelated", 
        "name": "Can add post related", 
        "content_type": 15
    }
},
{
    "pk": 45, 
    "model": "auth.permission", 
    "fields": {
        "codename": "change_postrelated", 
        "name": "Can change post related", 
        "content_type": 15
    }
},
{
    "pk": 46, 
    "model": "auth.permission", 
    "fields": {
        "codename": "delete_postrelated", 
        "name": "Can delete post related", 
        "content_type": 15
    }
},
{
    "pk": 47, 
    "model": "auth.permission", 
    "fields": {
        "codename": "add_album", 
        "name": "Can add album", 
        "content_type": 16
    }
},
{
    "pk": 48, 
    "model": "auth.permission", 
    "fields": {
        "codename": "change_album", 
        "name": "Can change album", 
        "content_type": 16
    }
},
{
    "pk": 49, 
    "model": "auth.permission", 
    "fields": {
        "codename": "delete_album", 
        "name": "Can delete album", 
        "content_type": 16
    }
},
{
    "pk": 50, 
    "model": "auth.permission", 
    "fields": {
        "codename": "add_link", 
        "name": "Can add link", 
        "content_type": 17
    }
},
{
    "pk": 51, 
    "model": "auth.permission", 
    "fields": {
        "codename": "change_link", 
        "name": "Can change link", 
        "content_type": 17
    }
},
{
    "pk": 52, 
    "model": "auth.permission", 
    "fields": {
        "codename": "delete_link", 
        "name": "Can delete link", 
        "content_type": 17
    }
},
{
    "pk": 53, 
    "model": "auth.permission", 
    "fields": {
        "codename": "add_articlesource", 
        "name": "Can add article source", 
        "content_type": 18
    }
},
{
    "pk": 54, 
    "model": "auth.permission", 
    "fields": {
        "codename": "change_articlesource", 
        "name": "Can change article source", 
        "content_type": 18
    }
},
{
    "pk": 55, 
    "model": "auth.permission", 
    "fields": {
        "codename": "delete_articlesource", 
        "name": "Can delete article source", 
        "content_type": 18
    }
},
{
    "pk": 56, 
    "model": "auth.permission", 
    "fields": {
        "codename": "add_articleimage", 
        "name": "Can add article image", 
        "content_type": 19
    }
},
{
    "pk": 57, 
    "model": "auth.permission", 
    "fields": {
        "codename": "change_articleimage", 
        "name": "Can change article image", 
        "content_type": 19
    }
},
{
    "pk": 58, 
    "model": "auth.permission", 
    "fields": {
        "codename": "delete_articleimage", 
        "name": "Can delete article image", 
        "content_type": 19
    }
},
{
    "pk": 59, 
    "model": "auth.permission", 
    "fields": {
        "codename": "add_articlebox", 
        "name": "Can add article box", 
        "content_type": 20
    }
},
{
    "pk": 60, 
    "model": "auth.permission", 
    "fields": {
        "codename": "change_articlebox", 
        "name": "Can change article box", 
        "content_type": 20
    }
},
{
    "pk": 61, 
    "model": "auth.permission", 
    "fields": {
        "codename": "delete_articlebox", 
        "name": "Can delete article box", 
        "content_type": 20
    }
},
{
    "pk": 62, 
    "model": "auth.permission", 
    "fields": {
        "codename": "add_articleboxarticles", 
        "name": "Can add Article box articles", 
        "content_type": 21
    }
},
{
    "pk": 63, 
    "model": "auth.permission", 
    "fields": {
        "codename": "change_articleboxarticles", 
        "name": "Can change Article box articles", 
        "content_type": 21
    }
},
{
    "pk": 64, 
    "model": "auth.permission", 
    "fields": {
        "codename": "delete_articleboxarticles", 
        "name": "Can delete Article box articles", 
        "content_type": 21
    }
},
{
    "pk": 65, 
    "model": "auth.permission", 
    "fields": {
        "codename": "add_articleconfig", 
        "name": "Can add article config", 
        "content_type": 22
    }
},
{
    "pk": 66, 
    "model": "auth.permission", 
    "fields": {
        "codename": "change_articleconfig", 
        "name": "Can change article config", 
        "content_type": 22
    }
},
{
    "pk": 67, 
    "model": "auth.permission", 
    "fields": {
        "codename": "delete_articleconfig", 
        "name": "Can delete article config", 
        "content_type": 22
    }
},
{
    "pk": 68, 
    "model": "auth.permission", 
    "fields": {
        "codename": "developer", 
        "name": "Developer", 
        "content_type": 22
    }
},
{
    "pk": 69, 
    "model": "auth.permission", 
    "fields": {
        "codename": "add_taggedimage", 
        "name": "Can add tagged image", 
        "content_type": 23
    }
},
{
    "pk": 70, 
    "model": "auth.permission", 
    "fields": {
        "codename": "change_taggedimage", 
        "name": "Can change tagged image", 
        "content_type": 23
    }
},
{
    "pk": 71, 
    "model": "auth.permission", 
    "fields": {
        "codename": "delete_taggedimage", 
        "name": "Can delete tagged image", 
        "content_type": 23
    }
},
{
    "pk": 72, 
    "model": "auth.permission", 
    "fields": {
        "codename": "add_image", 
        "name": "Can add image", 
        "content_type": 24
    }
},
{
    "pk": 73, 
    "model": "auth.permission", 
    "fields": {
        "codename": "change_image", 
        "name": "Can change image", 
        "content_type": 24
    }
},
{
    "pk": 74, 
    "model": "auth.permission", 
    "fields": {
        "codename": "delete_image", 
        "name": "Can delete image", 
        "content_type": 24
    }
},
{
    "pk": 75, 
    "model": "auth.permission", 
    "fields": {
        "codename": "add_flatpage", 
        "name": "Can add flat page", 
        "content_type": 25
    }
},
{
    "pk": 76, 
    "model": "auth.permission", 
    "fields": {
        "codename": "change_flatpage", 
        "name": "Can change flat page", 
        "content_type": 25
    }
},
{
    "pk": 77, 
    "model": "auth.permission", 
    "fields": {
        "codename": "delete_flatpage", 
        "name": "Can delete flat page", 
        "content_type": 25
    }
},
{
    "pk": 78, 
    "model": "auth.permission", 
    "fields": {
        "codename": "add_flatpageconfig", 
        "name": "Can add flat page config", 
        "content_type": 26
    }
},
{
    "pk": 79, 
    "model": "auth.permission", 
    "fields": {
        "codename": "change_flatpageconfig", 
        "name": "Can change flat page config", 
        "content_type": 26
    }
},
{
    "pk": 80, 
    "model": "auth.permission", 
    "fields": {
        "codename": "delete_flatpageconfig", 
        "name": "Can delete flat page config", 
        "content_type": 26
    }
},
{
    "pk": 81, 
    "model": "auth.permission", 
    "fields": {
        "codename": "developer", 
        "name": "Developer", 
        "content_type": 26
    }
},
{
    "pk": 82, 
    "model": "auth.permission", 
    "fields": {
        "codename": "add_tag", 
        "name": "Can add Tag", 
        "content_type": 27
    }
},
{
    "pk": 83, 
    "model": "auth.permission", 
    "fields": {
        "codename": "change_tag", 
        "name": "Can change Tag", 
        "content_type": 27
    }
},
{
    "pk": 84, 
    "model": "auth.permission", 
    "fields": {
        "codename": "delete_tag", 
        "name": "Can delete Tag", 
        "content_type": 27
    }
},
{
    "pk": 85, 
    "model": "auth.permission", 
    "fields": {
        "codename": "add_taggeditem", 
        "name": "Can add Tagged Item", 
        "content_type": 28
    }
},
{
    "pk": 86, 
    "model": "auth.permission", 
    "fields": {
        "codename": "change_taggeditem", 
        "name": "Can change Tagged Item", 
        "content_type": 28
    }
},
{
    "pk": 87, 
    "model": "auth.permission", 
    "fields": {
        "codename": "delete_taggeditem", 
        "name": "Can delete Tagged Item", 
        "content_type": 28
    }
},
{
    "pk": 88, 
    "model": "auth.permission", 
    "fields": {
        "codename": "add_queryset", 
        "name": "Can add query set", 
        "content_type": 29
    }
},
{
    "pk": 89, 
    "model": "auth.permission", 
    "fields": {
        "codename": "change_queryset", 
        "name": "Can change query set", 
        "content_type": 29
    }
},
{
    "pk": 90, 
    "model": "auth.permission", 
    "fields": {
        "codename": "delete_queryset", 
        "name": "Can delete query set", 
        "content_type": 29
    }
},
{
    "pk": 91, 
    "model": "auth.permission", 
    "fields": {
        "codename": "add_dynamicbox", 
        "name": "Can add dynamic box", 
        "content_type": 30
    }
},
{
    "pk": 92, 
    "model": "auth.permission", 
    "fields": {
        "codename": "change_dynamicbox", 
        "name": "Can change dynamic box", 
        "content_type": 30
    }
},
{
    "pk": 93, 
    "model": "auth.permission", 
    "fields": {
        "codename": "delete_dynamicbox", 
        "name": "Can delete dynamic box", 
        "content_type": 30
    }
},
{
    "pk": 1, 
    "model": "auth.user", 
    "fields": {
        "username": "admin", 
        "first_name": "herson", 
        "last_name": "leite", 
        "is_active": true, 
        "is_superuser": true, 
        "is_staff": true, 
        "last_login": "2013-05-09T19:34:41", 
        "groups": [], 
        "user_permissions": [], 
        "password": "pbkdf2_sha256$10000$15cvW7a82TGb$nuz7XcA3V80NZimeqD6XduoMLx5rEf9sZgRpgsVllFA=", 
        "email": "hersonls@gmail.com", 
        "date_joined": "2013-05-09T19:33:50"
    }
},
{
    "pk": 1, 
    "model": "admin.logentry", 
    "fields": {
        "action_flag": 1, 
        "action_time": "2013-05-09T19:35:15.061", 
        "object_repr": "/home/", 
        "object_id": "1", 
        "change_message": "", 
        "user": 1, 
        "content_type": 10
    }
},
{
    "pk": 2, 
    "model": "admin.logentry", 
    "fields": {
        "action_flag": 1, 
        "action_time": "2013-05-09T19:35:28.986", 
        "object_repr": "/esporte/", 
        "object_id": "2", 
        "change_message": "", 
        "user": 1, 
        "content_type": 10
    }
},
{
    "pk": 3, 
    "model": "admin.logentry", 
    "fields": {
        "action_flag": 1, 
        "action_time": "2013-05-09T19:40:45.678", 
        "object_repr": "esportizandocombr", 
        "object_id": "1", 
        "change_message": "", 
        "user": 1, 
        "content_type": 24
    }
},
{
    "pk": 4, 
    "model": "admin.logentry", 
    "fields": {
        "action_flag": 1, 
        "action_time": "2013-05-09T19:41:13.322", 
        "object_repr": "/home/confira-novidades-de-esporte", 
        "object_id": "1", 
        "change_message": "", 
        "user": 1, 
        "content_type": 14
    }
},
{
    "pk": 5, 
    "model": "admin.logentry", 
    "fields": {
        "action_flag": 1, 
        "action_time": "2013-05-09T20:37:23.676", 
        "object_repr": "esporte-example.com", 
        "object_id": "1", 
        "change_message": "", 
        "user": 1, 
        "content_type": 20
    }
},
{
    "pk": 6, 
    "model": "admin.logentry", 
    "fields": {
        "action_flag": 2, 
        "action_time": "2013-05-09T20:42:20.210", 
        "object_repr": "esporte-example.com", 
        "object_id": "1", 
        "change_message": "Changed channel.", 
        "user": 1, 
        "content_type": 20
    }
},
{
    "pk": 7, 
    "model": "admin.logentry", 
    "fields": {
        "action_flag": 2, 
        "action_time": "2013-05-09T20:42:43.441", 
        "object_repr": "esporte-example.com", 
        "object_id": "1", 
        "change_message": "Added Article box articles \"esporte-confira-novidades-de-esporte\".", 
        "user": 1, 
        "content_type": 20
    }
},
{
    "pk": 8, 
    "model": "admin.logentry", 
    "fields": {
        "action_flag": 1, 
        "action_time": "2013-05-09T20:44:56.547", 
        "object_repr": "com-contrato-assinado-walter-faz-primeiro-treino-no-corinthians", 
        "object_id": "2", 
        "change_message": "", 
        "user": 1, 
        "content_type": 24
    }
},
{
    "pk": 9, 
    "model": "admin.logentry", 
    "fields": {
        "action_flag": 1, 
        "action_time": "2013-05-09T20:45:07.069", 
        "object_repr": "/esporte/com-contrato-assinado-walter-faz-primeiro-treino-no-corinthians", 
        "object_id": "2", 
        "change_message": "", 
        "user": 1, 
        "content_type": 14
    }
},
{
    "pk": 10, 
    "model": "admin.logentry", 
    "fields": {
        "action_flag": 1, 
        "action_time": "2013-05-09T20:46:58.369", 
        "object_repr": "o-tecnico-tite-ensaiou-no-treinamento-desta-quinta-feira-no-ct-joaquim-grava-equipe-que-deve-enfrentar-o-santos-no-proximo-domingo-1", 
        "object_id": "3", 
        "change_message": "", 
        "user": 1, 
        "content_type": 24
    }
},
{
    "pk": 11, 
    "model": "admin.logentry", 
    "fields": {
        "action_flag": 1, 
        "action_time": "2013-05-09T20:49:03.145", 
        "object_repr": "/esporte/danilo-nao-treina-mas-tite-mantem-formacao-tatica-para-final-do-paulista", 
        "object_id": "3", 
        "change_message": "", 
        "user": 1, 
        "content_type": 14
    }
},
{
    "pk": 12, 
    "model": "admin.logentry", 
    "fields": {
        "action_flag": 2, 
        "action_time": "2013-05-09T20:49:15.816", 
        "object_repr": "esporte-example.com", 
        "object_id": "1", 
        "change_message": "Added Article box articles \"esporte-danilo-nao-treina-mas-tite-mantem-formacao-tatica-para-final-do-paulista\".", 
        "user": 1, 
        "content_type": 20
    }
},
{
    "pk": 13, 
    "model": "admin.logentry", 
    "fields": {
        "action_flag": 2, 
        "action_time": "2013-05-09T20:49:20.772", 
        "object_repr": "esporte-example.com", 
        "object_id": "1", 
        "change_message": "Changed order for Article box articles \"esporte-danilo-nao-treina-mas-tite-mantem-formacao-tatica-para-final-do-paulista\".", 
        "user": 1, 
        "content_type": 20
    }
},
{
    "pk": 14, 
    "model": "admin.logentry", 
    "fields": {
        "action_flag": 2, 
        "action_time": "2013-05-09T21:58:36.955", 
        "object_repr": "admin", 
        "object_id": "1", 
        "change_message": "Changed password, first_name and last_name.", 
        "user": 1, 
        "content_type": 3
    }
},
{
    "pk": 15, 
    "model": "admin.logentry", 
    "fields": {
        "action_flag": 1, 
        "action_time": "2013-05-09T22:03:37.585", 
        "object_repr": "/outros/", 
        "object_id": "3", 
        "change_message": "", 
        "user": 1, 
        "content_type": 10
    }
},
{
    "pk": 16, 
    "model": "admin.logentry", 
    "fields": {
        "action_flag": 1, 
        "action_time": "2013-05-09T22:03:50.824", 
        "object_repr": "outros-example.com", 
        "object_id": "2", 
        "change_message": "", 
        "user": 1, 
        "content_type": 20
    }
},
{
    "pk": 17, 
    "model": "admin.logentry", 
    "fields": {
        "action_flag": 2, 
        "action_time": "2013-05-09T22:03:55.402", 
        "object_repr": "outros-example.com", 
        "object_id": "2", 
        "change_message": "Added Article box articles \"outros-danilo-nao-treina-mas-tite-mantem-formacao-tatica-para-final-do-paulista\".", 
        "user": 1, 
        "content_type": 20
    }
},
{
    "pk": 1, 
    "model": "channels.channel", 
    "fields": {
        "parent": null, 
        "rght": 2, 
        "tree_id": 2, 
        "group": false, 
        "name": "Home", 
        "long_slug": "home", 
        "level": 0, 
        "date_available": "2013-05-09T19:34:54", 
        "date_update": "2013-05-09T19:35:15.060", 
        "site": 1, 
        "date_insert": "2013-05-09T19:35:15.059", 
        "order": 0, 
        "lft": 1, 
        "user": 1, 
        "published": true, 
        "show_in_menu": true, 
        "homepage": true, 
        "slug": "home", 
        "description": ""
    }
},
{
    "pk": 2, 
    "model": "channels.channel", 
    "fields": {
        "parent": null, 
        "rght": 2, 
        "tree_id": 1, 
        "group": false, 
        "name": "Esporte", 
        "long_slug": "esporte", 
        "level": 0, 
        "date_available": "2013-05-09T19:35:17", 
        "date_update": "2013-05-09T19:35:28.985", 
        "site": 1, 
        "date_insert": "2013-05-09T19:35:28.985", 
        "order": 0, 
        "lft": 1, 
        "user": 1, 
        "published": true, 
        "show_in_menu": true, 
        "homepage": false, 
        "slug": "esporte", 
        "description": ""
    }
},
{
    "pk": 3, 
    "model": "channels.channel", 
    "fields": {
        "parent": null, 
        "rght": 2, 
        "tree_id": 3, 
        "group": false, 
        "name": "Outros", 
        "long_slug": "outros", 
        "level": 0, 
        "date_available": "2013-05-09T22:03:23", 
        "date_update": "2013-05-09T22:03:37.583", 
        "site": 1, 
        "date_insert": "2013-05-09T22:03:37.583", 
        "order": 0, 
        "lft": 1, 
        "user": 1, 
        "published": true, 
        "show_in_menu": false, 
        "homepage": false, 
        "slug": "outros", 
        "description": "outros"
    }
},
{
    "pk": 1, 
    "model": "articles.article", 
    "fields": {
        "channel_long_slug": "home", 
        "main_image": 1, 
        "child_class": "Post", 
        "child_app_label": "articles", 
        "title": "Confira as novidades de esporte", 
        "headline": "Lorem ipsum dolor sit amet, consectetur adipisicing elit, sed do eiusmod tempor incididunt ut labore et dolore magna aliqua. Ut enim ad minim veniam, quis nostrud exercitation ullamco laboris nisi ut aliquip ex ea commodo consequat. Duis aute irure dolor in reprehenderit in voluptate velit esse cillum dolore eu fugiat nulla pariatur. Excepteur sint occaecat cupidatat non proident, sunt in culpa qui officia deserunt mollit anim id est laborum.", 
        "short_url": "http://goo.gl/5tERF", 
        "date_available": "2013-05-09T19:36:06", 
        "date_update": "2013-05-09T19:41:13.284", 
        "site": 1, 
        "short_title": "Maior portal de esporte do Brasil", 
        "date_insert": "2013-05-09T19:41:10.433", 
        "channel_name": "Home", 
        "user": 1, 
        "published": true, 
        "hat": "Confira as novidades de esporte", 
        "slug": "confira-novidades-de-esporte", 
        "channel": 1
    }
},
{
    "pk": 2, 
    "model": "articles.article", 
    "fields": {
        "channel_long_slug": "esporte", 
        "main_image": 2, 
        "child_class": "Post", 
        "child_app_label": "articles", 
        "title": "Com contrato assinado, Walter faz primeiro treino no Corinthians", 
        "headline": "Uni\u00e3o Barbarense \u00e9 integrado ao elenco e trabalha no CT Joaquim Grava sob o comando do preparador Mauri Lima", 
        "short_url": "http://goo.gl/rDnkh", 
        "date_available": "2013-05-09T20:42:51", 
        "date_update": "2013-05-09T20:45:07.033", 
        "site": 1, 
        "short_title": "Uni\u00e3o Barbarense \u00e9 integrado ao elenco e trabalha no CT Joaquim Grava sob o comando do preparador Mauri Lima", 
        "date_insert": "2013-05-09T20:45:04.158", 
        "channel_name": "Esporte", 
        "user": 1, 
        "published": true, 
        "hat": "Goleiro contratado do ", 
        "slug": "com-contrato-assinado-walter-faz-primeiro-treino-no-corinthians", 
        "channel": 2
    }
},
{
    "pk": 3, 
    "model": "articles.article", 
    "fields": {
        "channel_long_slug": "esporte", 
        "main_image": 3, 
        "child_class": "Post", 
        "child_app_label": "articles", 
        "title": "Danilo n\u00e3o treina, mas Tite mant\u00e9m forma\u00e7\u00e3o t\u00e1tica para final do Paulista", 
        "headline": "O t\u00e9cnico Tite ensaiou no treinamento desta quinta-feira, no CT Joaquim Grava, a equipe que deve enfrentar o Santos no pr\u00f3ximo domingo, \u00e0s 16h (hor\u00e1rio de Bras\u00edlia), no est\u00e1dio do Pacaembu, pela primeira partida da final ", 
        "short_url": "http://goo.gl/ZbCnu", 
        "date_available": "2013-05-09T20:46:10", 
        "date_update": "2013-05-09T20:49:03.128", 
        "site": 1, 
        "short_title": "forma\u00e7\u00e3o t\u00e1tica para final do Paulista", 
        "date_insert": "2013-05-09T20:49:00.753", 
        "channel_name": "Esporte", 
        "user": 1, 
        "published": true, 
        "hat": "Danilo n\u00e3o treina, mas Tite mant\u00e9m ", 
        "slug": "danilo-nao-treina-mas-tite-mantem-formacao-tatica-para-final-do-paulista", 
        "channel": 2
    }
},
{
    "pk": 3, 
    "model": "articles.post", 
    "fields": {
        "content": "<p style=\" margin: 0px; outline: 0px; padding: 0px 0px 1.5em; color: rgb(51, 51, 51);\">O t\u00e9cnico&nbsp;<span style=\"background-color: transparent; margin: 0px; outline: 0px; padding: 0px; background-position: initial initial; background-repeat: initial initial;\"><a href=\"http://globoesporte.globo.com/tecnico/tite.html\" style=\"background-color: transparent; margin: 0px; outline: 0px; padding: 0px; text-decoration: none; color: rgb(0, 0, 0) !important;\">Tite</a></span>&nbsp;ensaiou no treinamento desta quinta-feira, no CT Joaquim Grava, a equipe que deve enfrentar o Santos no pr\u00f3ximo domingo, \u00e0s 16h (hor\u00e1rio de Bras\u00edlia), no est\u00e1dio do Pacaembu, pela primeira partida da final do Campeonato Paulista. Como o treinador j\u00e1 havia indicado, Romarinho foi mantido entre os titulares, repetindo a forma\u00e7\u00e3o que eliminou o S\u00e3o Paulo do estadual no \u00faltimo fim de semana.</p>\r\n\r\n<p style=\" margin: 0px; outline: 0px; padding: 0px 0px 1.5em; color: rgb(51, 51, 51);\">O meia&nbsp;<span style=\"background-color: transparent; margin: 0px; outline: 0px; padding: 0px; background-position: initial initial; background-repeat: initial initial;\"><a href=\"http://globoesporte.globo.com/atleta/danilo-andrade.html\" style=\"background-color: transparent; margin: 0px; outline: 0px; padding: 0px; text-decoration: none; color: rgb(0, 0, 0) !important;\">Danilo</a></span>, com uma inflama\u00e7\u00e3o na perna esquerda, foi poupado do treinamento. Ele permaneceu para trabalhos f\u00edsicos na academia, mas n\u00e3o preocupa para a decis\u00e3o contra o Santos. Na atividade, Tite escalou Douglas em seu lugar. Os titulares fizeram trabalhos t\u00e9cnicos em campo reduzido, enquanto os reservas treinaram finaliza\u00e7\u00f5es.</p>\r\n\r\n<p style=\" margin: 0px; outline: 0px; padding: 0px 0px 1.5em; color: rgb(51, 51, 51);\">N\u00e3o houve qualquer mudan\u00e7a no treinamento devido ao&nbsp;<a href=\"http://globoesporte.globo.com/futebol/times/corinthians/noticia/2013/05/corinthians-afasta-jorge-henrique-por-ato-de-indisciplina.html\" style=\"background-color: transparent; margin: 0px; outline: 0px; padding: 0px; text-decoration: none; color: rgb(0, 0, 0) !important; background-position: initial initial; background-repeat: initial initial;\">afastamento de Jorge Henrique, que treinar\u00e1 separadamente por decis\u00e3o da diretoria</a>. Os dirigentes do Tim\u00e3o alegaram ato de indisciplina do jogador, mas n\u00e3o deram maiores detalhes sobre o caso. A resolu\u00e7\u00e3o dever\u00e1 acontecer somente ap\u00f3s os dois jogos da final contra o Paulist\u00e3o e o confronto com o Boca Juniors, que decidir\u00e1 se a equipe continua ou n\u00e3o na Ta\u00e7a Libertadores da Am\u00e9rica.</p>\r\n\r\n<p style=\" margin: 0px; outline: 0px; padding: 0px 0px 1.5em; color: rgb(51, 51, 51);\">O zagueiro Paulo Andr\u00e9 disse que o elenco tamb\u00e9m n\u00e3o foi informado sobre o que aconteceu com o atacante, mas descartou que haver\u00e1 qualquer mudan\u00e7a na postura do Corinthians para o duelo do pr\u00f3ximo domingo. Na vis\u00e3o do defensor, ao entrar em campo, os jogadores esquecer\u00e3o qualquer aspecto emocional, independentemente da intensidade dos fatos.</p>\r\n", 
        "albums": []
    }
},
{
    "pk": 2, 
    "model": "articles.post", 
    "fields": {
        "content": "<p style=\" margin: 0px; outline: 0px; padding: 0px 0px 1.5em; color: rgb(51, 51, 51);\">Aprovado nos exames m\u00e9dicos, o goleiro Walter, ex-Uni\u00e3o Barbarense, assinou contrato com o Corinthians e treinou pela primeira vez no CT Joaquim Grava na tarde desta sexta-feira. De acordo com o diretor adjunto do clube, Du\u00edlio Monteiro Alves, o v\u00ednculo tem dura\u00e7\u00e3o at\u00e9 julho de 2014. N\u00e3o foram divulgados maiores detalhes sobre o acerto com o atleta.</p>\r\n\r\n<p style=\" margin: 0px; outline: 0px; padding: 0px 0px 1.5em; color: rgb(51, 51, 51);\">Walter trabalhou em um dos campos do centro de treinamento sob comando do preparador de goleiros, Mauri Lima. Ele fez os trabalhos que o profissional costuma comandar para os outros atletas da posi\u00e7\u00e3o diariamente, treinando chutes rasteiros, altos e sa\u00eddas de gol. A express\u00e3o do novo jogador corintiano \u2013 bastante parecido fisicamente com C\u00e1ssio \u2013 era de total felicidade.</p>\r\n\r\n<p style=\" margin: 0px; outline: 0px; padding: 0px 0px 1.5em; color: rgb(51, 51, 51);\">O refor\u00e7o chega para ser o quinto goleiro do elenco profissional do Tim\u00e3o, que conta com o titular C\u00e1ssio e os reservas Danilo Fernandes, Julio Cesar e Matheus Vidotto. Al\u00e9m deles, Tite ainda conta com Ca\u00edque, rec\u00e9m-promovido das categorias de base, treinando no elenco principal.</p>\r\n\r\n<p style=\" margin: 0px; outline: 0px; padding: 0px 0px 1.5em; color: rgb(51, 51, 51);\">Walter vai compor a equipe do t\u00e9cnico Tite, que ainda tem pela frente uma longa temporada com jogos do Campeonato Brasileiro, da Copa do Brasil, da Ta\u00e7a Libertadores da Am\u00e9rica e da Recopa Sul-Americana.</p>\r\n", 
        "albums": []
    }
},
{
    "pk": 1, 
    "model": "articles.post", 
    "fields": {
        "content": "<p>Lorem ipsum dolor sit amet, consectetur adipisicing elit, sed do eiusmod tempor incididunt ut labore et dolore magna aliqua. Ut enim ad minim veniam, quis nostrud exercitation ullamco laboris nisi ut aliquip ex ea commodo consequat. Duis aute irure dolor in reprehenderit in voluptate velit esse cillum dolore eu fugiat nulla pariatur. Excepteur sint occaecat cupidatat non proident, sunt in culpa qui officia deserunt mollit anim id est laborum.<br>\r\n\r\n</p>\r\n\r\n<p>Lorem ipsum dolor sit amet, consectetur adipisicing elit, sed do eiusmod tempor incididunt ut labore et dolore magna aliqua. Ut enim ad minim veniam, quis nostrud exercitation ullamco laboris nisi ut aliquip ex ea commodo consequat. Duis aute irure dolor in reprehenderit in voluptate velit esse cillum dolore eu fugiat nulla pariatur. Excepteur sint occaecat cupidatat non proident, sunt in culpa qui officia deserunt mollit anim id est laborum.<br>\r\n\r\n</p>\r\n\r\n<p>Lorem ipsum dolor sit amet, consectetur adipisicing elit, sed do eiusmod tempor incididunt ut labore et dolore magna aliqua. Ut enim ad minim veniam, quis nostrud exercitation ullamco laboris nisi ut aliquip ex ea commodo consequat. Duis aute irure dolor in reprehenderit in voluptate velit esse cillum dolore eu fugiat nulla pariatur. Excepteur sint occaecat cupidatat non proident, sunt in culpa qui officia deserunt mollit anim id est laborum.<br>\r\n\r\n</p>\r\n\r\n<p>Lorem ipsum dolor sit amet, consectetur adipisicing elit, sed do eiusmod tempor incididunt ut labore et dolore magna aliqua. Ut enim ad minim veniam, quis nostrud exercitation ullamco laboris nisi ut aliquip ex ea commodo consequat. Duis aute irure dolor in reprehenderit in voluptate velit esse cillum dolore eu fugiat nulla pariatur. Excepteur sint occaecat cupidatat non proident, sunt in culpa qui officia deserunt mollit anim id est laborum.<br>\r\n\r\n</p>\r\n", 
        "albums": []
    }
},
{
    "pk": 1, 
    "model": "articles.articlebox", 
    "fields": {
        "channel_long_slug": "esporte", 
        "name": "esporte", 
        "title": "Artigos de Esporte", 
        "date_available": "2013-05-09T20:36:49", 
        "date_update": "2013-05-09T20:49:20.755", 
        "queryset": null, 
        "site": 1, 
        "date_insert": "2013-05-09T20:37:23.672", 
        "channel_name": "Esporte", 
        "user": 1, 
        "published": true, 
        "article": 1, 
        "slug": "esporte", 
        "channel": 2
    }
},
{
    "pk": 2, 
    "model": "articles.articlebox", 
    "fields": {
        "channel_long_slug": "outros", 
        "name": "Outros", 
        "title": "", 
        "date_available": "2013-05-09T22:03:13", 
        "date_update": "2013-05-09T22:03:55.394", 
        "queryset": null, 
        "site": 1, 
        "date_insert": "2013-05-09T22:03:50.819", 
        "channel_name": "Outros", 
        "user": 1, 
        "published": true, 
        "article": 1, 
        "slug": "outros", 
        "channel": 3
    }
},
{
    "pk": 1, 
    "model": "images.image", 
    "fields": {
        "description": "Sit underground", 
        "title": "Esportizando.com.br", 
        "date_available": "2013-05-09T19:40:08", 
        "date_update": "2013-05-09T19:40:45.661", 
        "site": 1, 
        "date_insert": "2013-05-09T19:40:45.661", 
        "source": null, 
        "user": 1, 
        "image": "images/2013/05/09/866f889f-b477-4f41-af52-af0f78999c26-esportizandocombr.jpg", 
        "published": true, 
        "slug": "esportizandocombr"
    }
},
{
    "pk": 2, 
    "model": "images.image", 
    "fields": {
        "description": "Walter trabalhou em um dos campos do centro de treinamento sob comando do preparador de goleiros, Mauri Lima. Ele fez os trabalhos que o profissional costuma comandar para os outros atletas da posi\u00e7\u00e3o diariamente, treinando chutes rasteiros, altos e sa\u00eddas de gol. A express\u00e3o do novo jogador corintiano \u2013 bastante parecido fisicamente com C\u00e1ssio \u2013 era de total felicidade.", 
        "title": "Com contrato assinado, Walter faz primeiro treino no Corinthians", 
        "date_available": "2013-05-09T20:44:26", 
        "date_update": "2013-05-09T20:44:56.532", 
        "site": 1, 
        "date_insert": "2013-05-09T20:44:56.532", 
        "source": null, 
        "user": 1, 
        "image": "images/2013/05/09/c690ccaa-ad85-472b-abb7-422c668f1731-com-contrato-assinado-walter-faz-primeiro-treino-no-corinthians.jpg", 
        "published": true, 
        "slug": "com-contrato-assinado-walter-faz-primeiro-treino-no-corinthians"
    }
},
{
    "pk": 3, 
    "model": "images.image", 
    "fields": {
        "description": "O t\u00e9cnico Tite ensaiou no treinamento desta quinta-feira, no CT Joaquim Grava, a equipe que deve enfrentar o Santos no pr\u00f3ximo domingo, \u00e0s 16h (hor\u00e1rio de Bras\u00edlia), no est\u00e1dio do Pacaembu, pela primeira partida da final do Campeonato Paulista. Como o treinador j\u00e1 havia indicado, Romarinho foi mantido entre os titulares, repetindo a forma\u00e7\u00e3o que eliminou o S\u00e3o Paulo do estadual no \u00faltimo fim de semana.\r\nO meia Danilo, com uma inflama\u00e7\u00e3o na perna esquerda, foi poupado do treinamento. Ele permaneceu para trabalhos f\u00edsicos na academia, mas n\u00e3o preocupa para a decis\u00e3o contra o Santos. Na atividade, Tite escalou Douglas em seu lugar. Os titulares fizeram trabalhos t\u00e9cnicos em campo reduzido, enquanto os reservas treinaram finaliza\u00e7\u00f5es.\r\nN\u00e3o houve qualquer mudan\u00e7a no treinamento devido ao afastamento de Jorge Henrique, que treinar\u00e1 separadamente por decis\u00e3o da diretoria. Os dirigentes do Tim\u00e3o alegaram ato de indisciplina do jogador, mas n\u00e3o deram maiores detalhes sobre o caso. A resolu\u00e7\u00e3o dever\u00e1 acontecer somente ap\u00f3s os dois jogos da final contra o Paulist\u00e3o e o confronto com o Boca Juniors, que decidir\u00e1 se a equipe continua ou n\u00e3o na Ta\u00e7a Libertadores da Am\u00e9rica.\r\nO zagueiro Paulo Andr\u00e9 disse que o elenco tamb\u00e9m n\u00e3o foi informado sobre o que aconteceu com o atacante, mas descartou que haver\u00e1 qualquer mudan\u00e7a na postura do Corinthians para o duelo do pr\u00f3ximo domingo. Na vis\u00e3o do defensor, ao entrar em campo, os jogadores esquecer\u00e3o qualquer aspecto emocional, independentemente da intensidade dos fatos.", 
        "title": "O t\u00e9cnico Tite ensaiou no treinamento desta quinta-feira, no CT Joaquim Grava, a equipe que deve enfrentar o Santos no pr\u00f3ximo domingo, \u00e0s 1", 
        "date_available": "2013-05-09T20:46:37", 
        "date_update": "2013-05-09T20:46:58.354", 
        "site": 1, 
        "date_insert": "2013-05-09T20:46:58.354", 
        "source": null, 
        "user": 1, 
        "image": "images/2013/05/09/26026532-f3b2-4470-93cb-6899b7f32770-o-tecnico-tite-ensaiou-no-treinamento-desta-quinta-feira-no-ct-joaquim-grava-equipe-que-deve-enfrentar-o-santos-no-proximo-domingo-1.jpg", 
        "published": true, 
        "slug": "o-tecnico-tite-ensaiou-no-treinamento-desta-quinta-feira-no-ct-joaquim-grava-equipe-que-deve-enfrentar-o-santos-no-proximo-domingo-1"
    }
}
]
